smiles,ic50,ec50,ki,kd,pdb_id,binding_affinity,absorption,distribution,metabolism,excretion,toxicity
c1nc2ccc(N)c(cc1)c(c3c(c4ccc(c5ccc4OC)c5)ccc(O)c(n2c3C)cc3)N(C)C,0.08053,0.23576997442774278,0.08087564495625514,0.15461383531571685,4G6D,-6.817,0.9922,3.342,0.1809,0.0101,0.623
C1=CC(CNC2=C1C3=CC=C(C=C3)C4=CC(C=C(C=C4)C(C)=C5C(=C6C2=CC/C=C\C=C6)C3,0.0,0.9342605875382023,0.4785762356987961,0.3770212611763853,3P2Z,-7.2,0.413,4.04,0.0,0.196,1.55
CCC(CC(=O)N(C(=O)NC(=O)C(=C(C(=O)N(C(=O)N(C(=O)N(C(=O)N(C(=O)C,0.06175,0.07341108962764298,0.05597098631571076,0.008113731138670217,6J5K,-7.516,58.88,0.957,2.464,0.885,1.371
CCOC1=CC(=C1)C(=O)C1=C(C=O)C(C(=O)C=C1C(=O)C1)C=C1C(=O)C1=C(C=C1)C,0.0173,0.005987650470903761,0.012637403723921335,0.000594866034357288,2E6O,-7.275,0.224,1.87,0.025,0.007,0.956
CC(O)=C1C(O)N(C(O)=O)C(=O)N1,0.1427,0.007422191729557787,0.029611904583863008,0.012643167948497284,1j1c,-7.878,0.999,0.98,0.948,0.999,0.018
C1=CC=CC=C1,0.055397,0.09525104472026445,0.009069393554176325,0.001874884876814417,3L2M,-6.60308,0.6137,0.9393,0.9012,0.9544,1.4972
C1=CC=CC=C1C(=O)O,0.006770000000000001,0.016821555541695253,0.0026321692963433784,0.0034906859681067253,1F0X,-9.613,0.95,1.583,1.0,0.324,1.14
C1=CC(S(=O)(=O)O)CSC(=O)C1=CC=C(NC(=O)C(=O)NCCNC(=O)C(=O)NCCNCC(=O)C(=O)N,0.17598299999999997,0.019983159733050582,0.007691617438121588,0.004979360866269888,2GQZ,-7.4316,0.8621,4.52,0.2727,0.0703,-1.0981
[CH]1C(C2=C(C=C3C(=C(C(=C3)C4CCC5=[C@H]1C(=O)C(C=C4C2C=C(C=C3C5)C(C,0.2047,0.09474209443023762,0.05582143124205489,0.039246060144881585,5H92,-5.789,0.8417,0.4345,0.5062,0.9817,1.7
CCOC(=O)[C@@H](Nc1ccc(C(=O)N[C@@H](CC(=O)OCCC(=O)C(=O)CC(=O)NC(=O)C(=O)NC(=O,0.014150000000000001,0.014470155304684087,0.00020563822627682644,0.007298432512901345,6LU7,-8.99,0.542,1.07,0.242,0.299,1.28
CC(=O)NCC1=CC=CC(O=C2C=CC(C)C3=CC=CC=C3C=C2O)C=C1,0.15096,0.11147633006923219,0.016402452703207955,0.03969296457678452,1E94,-8.426,0.994,1.193,0.995,0.999,0.5
CC(C)C(C)C1=CC=CC(=O)C=C1,0.3345,0.1241190045531092,0.05570926493681298,0.12672458306534168,5JBK,-7.724,0.8856,1.355,1.0,1.0,1.0
c1ccc(c(cc1)c(c2ccc(c(c3ccsc3)C)c(c4cc(c(c5ccc(C)c3)c(c6ccc(C)c4)c5)cc4)cc,0.0051,0.2507328634690949,0.0037388768413968445,0.002618014476080044,6O6R,-7.541,0.49,2.39,0.96,1.0,1.65
CC(=O)C(=O)[N+]([O-])=O,0.17500000000000002,0.07422191729557787,0.04112764525536529,0.10910477191266037,2FU4,-7.673556,0.7482,2.81,0.4534,0.1894,-2.460691
CC1=C(CC(=O)OCC(=O)OCC(=O)C(=O)NCC(=O)OCC(=O)OCC(=O)C(=O)NCC(=O)OCC(=O)OCC,0.006,0.0149691261772594,0.031032677783593813,0.017112212267526655,6IQH,-7.5,0.938,1.9,0.952,0.908,1.77
c1cc(ccc1)OCC(C(=O)Nc2ccccc2)C1=CC=C(O)C=C1,0.37355,0.10129108713278862,0.4174082105735437,0.0724619300836134,2L2S,-7.821,0.127,11.25,0.145,1.249,0.46
C1=C2C(=N1C(=O)Nc2ccccc2)O,0.012,0.010603131042225409,0.00336498915725716,0.005335676561976283,2PQQ,-7.2,0.8,3.5,0.2,0.7,0.6
CC(=O)NC1CN(CCCN1)C,0.1423,0.9999999999999999,0.037351379645554475,0.0359244731510084,6k45,-10.9,0.99,116.1,0.77,0.41,0.7
CC(O)CC(=O)[C@@H](NC1=CC2=CC=CC=C2SC(=O)C(=O)C3=CC=CC=C3C1=O)O,0.12480000000000001,0.014906754818187488,0.005234427577955582,0.002618014476080044,6H0Q,-6.70726,0.153774,1.97,0.0143226,0.156042,2.428
CN1CCC(=C(OC(=C1C)C)C)C(=C1)CCC1,0.0096,0.010228902887793923,0.06647723024003589,0.03372014723689257,6LVK,-8.11,0.64,6.13,0.105,0.374,2.01
CC(=O)C(=O)C(C=O)C1=CC=CC=C1,0.23295000000000002,0.06605126925715711,0.046511627906976744,0.032149942476152514,4IDG,6.349,0.66002,0.663,0.57609,0.27935,0.445
CC(=O)OC1=CN(C2=CC=CC=C2)C(C3=CC=CC=C3)C,0.10595,0.15262271564897398,0.04946534061168025,0.05890381589953105,2Z9K,-7.122,0.9624,1.409,0.2486,0.9119,0.8511
CCc1cccnc(c2=O)c(c3=C(=O)Nc4ccccc4)c3c(N)cc2NC,0.54367,0.26620969250919974,0.046187467284827644,0.03560982827395242,4XHQ,-8.86636,0.576,2.39,4.348,0.00368,1.785
C=CC1=CC=CC=C1,0.1095,0.0149691261772594,0.007477753682793689,0.025265198525215374,2JQ3,-8.0,0.081,0.722,0.03,0.01,0.02
CC1NCCN1CC(N)CC1,0.0075,0.015592839767978543,0.0056083152620952665,0.004429789200010871,1P77,-7.73,0.85,1.78,0.01,0.36,1.34
CCC1=C(C2=CC=C(C(C(=O)NCC2=CC=C1)O)C)C,0.013000000000000001,0.04365995135033991,0.03178045315187318,0.012582775457699587,4FQE,-7.1,0.981,1.24,1.0,0.139,0.834
C[C@@H]1C2[C@@H]([C@@H]3CC(=O)C4CC5=CC=CC=C54)CC[C@@H]5CC[C@@H](O)C34,0.0804,0.030561965945237943,0.006393479398788604,0.002255659531293879,2d7g,-10.5999,0.8894,1.32,0.1785,0.0377,1.965
CCN1CCCC(C(C(CCN1CCCC(CCC1)CCC1)CCN1CCCC(CCC1)CCC1)CC(C(C(CCN1CCCC(C(C(C(CC1)C(C(CC,0.0118,0.0027443397991642237,0.008599416735212742,0.008868637273641395,3J55,-7.167,0.678,4.18,0.038,0.009,2.9
Cc1cc(c2c(c3c(c4c(c5c(C)c5)c4)c3)n(C)N)c2c1,0.09880000000000001,4.9897087257531306e-05,0.020002991101473116,0.01382082151905232,6H3K,-9.136,0.556,6.831,0.574,0.098,1.695
Cc1ccc(c1)c(CO)c(CCCC(=O)O)c1,0.55225,0.15636499719328883,1.0,0.08819417393641274,2FZB,4.8106,0.4535,1.9719,0.193,0.3757,1.4128
CN1C=2C(C(=O)C(C(=O)C(C(=O)C1=CNC(=O)CNC(=O)CNC(=O)CNC(=O)C1=CC=C2C(=O,0.04,0.0,0.02505047483735886,0.03009659778903091,6LU4,-7.9,0.73,1.2,0.041,0.72,19.0
CCN1CC2C(=O)N(C2)C(=O)C1C(C2C(=O)C(C=C2)CCC22)C(=O)N(C2)C(=O)C1,0.058499999999999996,0.050520800848250474,0.02691991325805728,0.031606410058973265,3L2Y,-6.361,0.8622,3.15,0.00507,0.0107,1.52
CCCCC1=C(Cl)C(OC(=O)C1N(=N)C(=O)N1)O)C,0.000955,0.07983533961205014,1.869438420698422e-05,0.0,5KR5,-8.257,0.994,1.951,0.024,0.04,0.723
CCCCCCO1C(=O)CCCCCCO1,0.0373,0.24886172269693754,0.017983997607118822,0.0035540980834443047,2b6h,-9.503,0.95,8.37,1.25,1.5,0.11
C1=CC=C2C=CC(C(=O)O)C2,0.0318,0.008170648038420755,0.33335825917894263,0.05380065042712589,3LIW,-9.709,0.9584,5.137,0.0168,0.0948,2.652
Cc1cc(c2ccc(cc2)ccc3c(c4cc(c5cc(c4)cc5c2ccc(cc5)C)O)C)C3,0.038975,0.015480571321649095,0.029477305017572723,0.034414660881066046,3GDF,-7.442,0.639,0.79,0.047,0.171,1.655
Cc1(Cc2c(c3ccccc3OC)c(c2c(C(=O)Br)C)C)c4cc(c(cc1)O)c(c(c4)Br)ccc1,0.021400000000000002,0.4049772344539387,0.04049203619232783,0.030066401543632063,5TDE,-8.613,0.9997,0.552,0.3697,0.3389,0.0012
Cc1ccc(CCCCC(C(=O)CC(=O)C(Nc2ccc(N)cc1)O)C(=O)O)O,0.02596,0.0187488305370174,0.006251402078815524,0.004683437661361186,3JR8,-7.986,0.7522,4.489,0.2153,0.1958,1.146
CC1=C(N)=C(C=C1C(=O)C=CC(O)=C1)C(=O)C1=C(C=C2C(=O)C=C(N)N2C([O-])=O)O,1.0,0.1615418199962577,0.0,0.05999088073388954,5HXQ,-7.3109,0.6978,10.5,0.03,0.9999,0.2045
c1ccc(n1C(=O)N2c1c(cc1)ncc(C(=O)Oc2ccccc2)nc2c(c3ccccc3)c3)c(CCC(=O)O)c2,0.0064,0.04846254599887731,0.015778060270694682,0.013971802746046555,2W9X,-9.932,0.786,4.283,0.897,0.709,2.0
CC1=CC=C2C3=NC=C2C=C3C(=O)C2=CC=CC=C2,0.00515,0.010665502401297324,0.004897928662229867,0.0054262652981728245,4O7C,-7.648,0.829,1.22,0.031,0.009,1.334
C1=CC=C(N(C(=O)NC1=C(C(=O)N1CC2=CC=CC=C2)C=C1C=C(N(C(=O)NC1=C(C(=O)N1CC,0.15585000000000002,0.2766169774839393,0.02987362596276079,0.0966189264026911,3CL,-6.8,0.72,1.22,0.25,0.34,2.5
Cc1=CC[C@H](C=C(C)C)C(=O)C(=O)N[C@H](C)C(=O)N[C@H](C)C(=O)N[C@H](C)C(,0.012150000000000001,0.010790245119441152,0.009795857324459733,0.009412169690820643,6C1Q,-7.4,0.984,0.646,0.042,0.925,1.14
C1=CCC(C(=O)N1C(=O)NCCNC2=CC(C(=O)N2C3=CC(C(=O)N3C(=O)NCCNC4=CC(C(=O)N4C,0.1095,0.02407534460175887,0.0010842742840050847,0.000594866034357288,1pfl,-9.114,1.0,1.02,0.42,1.0,0.12
CCC(Oc1cc(Oc2cc(Oc3ccc(O2)cc1)c)c2c(c3ccc(O)cc3)nc2c1)c1O,0.005,0.030437223227094117,0.012936513871233082,0.008234516120265606,2YEV,-7.328,0.6767,6.96,0.0364,0.2364,0.2432
Cc1cc(c2ccc(c(c3c4ccc(c5(c4Cc6cc(C(c7ccc(C(c8ccc(C(c9ccc(C(C=C(C(=O)O)C,0.005645,0.017744651655959582,0.0055335377252673295,0.033110183079835855,2XG9,-6.792,0.9547,0.7929,1.173,0.9519,2.251
[H]C([H])([H])[H],0.75,0.9349466724879935,0.41613699244746877,1.0,4b89,-5.7,0.999,1.89,0.0,0.952,0.24
CC(CC1=C(C(=O)C2=CC=C(C=C2)&N=C(=O)C=C3C4=CC=CC=C4C5=C3C6=C(C=C3)C(N=C,0.02775,0.1791305432545375,0.00916024826142227,0.022849498893307604,3drf,-6.305,0.8097,3.624,0.2069,0.8952,2.17
CC(=C)C(C(=O)NC=1CC2=C(C(=O)COC(=C2)C(C(=O)OC)O)C(=O)O)C(=O)O,0.01135,0.007110334934198216,0.0005982202946234951,0.0019536970773054076,4YZM,-7.1,0.9595,8.21,0.0143,0.0865,0.25
CCCC(=O)CC=C(C=1C=CC(C=1C=CC(C=1CCC(=O)C(=O)O)O)O)O,0.055549999999999995,0.01210004365995135,0.006056980483062888,0.002376444512889267,5LJT,-10.56305,0.7121,1.66,0.0453,0.0821,1.55
